date,pmm_sst
1948-01-01,-1.36
1948-02-01,-6.94
1948-03-01,-6.13
1948-04-01,-1.68
1948-05-01,-0.13
1948-06-01,-0.21
1948-07-01,3.3
1948-08-01,3.54
1948-09-01,1.72
1948-10-01,-2.05
1948-11-01,-3.0
1948-12-01,-1.57
1949-01-01,-2.69
1949-02-01,-3.08
1949-03-01,-3.2
1949-04-01,-3.76
1949-05-01,-1.56
1949-06-01,-0.33
1949-07-01,1.95
1949-08-01,1.59
1949-09-01,-0.8
1949-10-01,-1.06
1949-11-01,-0.17
1949-12-01,0.32
1950-01-01,0.18
1950-02-01,0.18
1950-03-01,-0.81
1950-04-01,-0.23
1950-05-01,-0.22
1950-06-01,0.28
1950-07-01,0.45
1950-08-01,-0.58
1950-09-01,-0.31
1950-10-01,-0.59
1950-11-01,-0.45
1950-12-01,0.98
1951-01-01,-1.11
1951-02-01,-1.69
1951-03-01,-1.52
1951-04-01,-0.74
1951-05-01,0.16
1951-06-01,-0.29
1951-07-01,-2.28
1951-08-01,-2.63
1951-09-01,-2.12
1951-10-01,-2.63
1951-11-01,-3.36
1951-12-01,-3.36
1952-01-01,-2.77
1952-02-01,-1.18
1952-03-01,-1.59
1952-04-01,-0.75
1952-05-01,0.57
1952-06-01,-0.4
1952-07-01,-0.19
1952-08-01,-0.02
1952-09-01,-1.12
1952-10-01,0.21
1952-11-01,-0.41
1952-12-01,-1.15
1953-01-01,-2.23
1953-02-01,-3.46
1953-03-01,-3.63
1953-04-01,-2.51
1953-05-01,-2.68
1953-06-01,-3.39
1953-07-01,-2.38
1953-08-01,-2.05
1953-09-01,-3.7
1953-10-01,-3.7
1953-11-01,-3.42
1953-12-01,-3.26
1954-01-01,-0.73
1954-02-01,0.35
1954-03-01,1.01
1954-04-01,4.78
1954-05-01,4.35
1954-06-01,2.25
1954-07-01,1.84
1954-08-01,1.37
1954-09-01,0.88
1954-10-01,0.34
1954-11-01,-0.16
1954-12-01,0.79
1955-01-01,-0.75
1955-02-01,-2.58
1955-03-01,-1.88
1955-04-01,-2.78
1955-05-01,-1.96
1955-06-01,-1.65
1955-07-01,-1.75
1955-08-01,-2.97
1955-09-01,-1.71
1955-10-01,-2.48
1955-11-01,-1.73
1955-12-01,-0.89
1956-01-01,0.47
1956-02-01,-0.45
1956-03-01,-2.34
1956-04-01,-2.24
1956-05-01,-2.39
1956-06-01,-3.68
1956-07-01,-3.17
1956-08-01,-1.95
1956-09-01,-2.77
1956-10-01,-2.25
1956-11-01,-0.67
1956-12-01,0.83
1957-01-01,1.37
1957-02-01,1.26
1957-03-01,0.12
1957-04-01,1.6
1957-05-01,1.01
1957-06-01,0.47
1957-07-01,-0.99
1957-08-01,-1.45
1957-09-01,0.35
1957-10-01,0.73
1957-11-01,0.5
1957-12-01,1.16
1958-01-01,2.24
1958-02-01,3.51
1958-03-01,3.29
1958-04-01,2.48
1958-05-01,3.06
1958-06-01,4.34
1958-07-01,4.16
1958-08-01,3.68
1958-09-01,3.55
1958-10-01,3.72
1958-11-01,3.51
1958-12-01,4.5
1959-01-01,5.37
1959-02-01,4.34
1959-03-01,3.19
1959-04-01,3.52
1959-05-01,3.56
1959-06-01,3.44
1959-07-01,3.5
1959-08-01,3.49
1959-09-01,2.75
1959-10-01,1.99
1959-11-01,1.13
1959-12-01,0.63
1960-01-01,-1.16
1960-02-01,0.24
1960-03-01,0.98
1960-04-01,2.34
1960-05-01,1.55
1960-06-01,1.45
1960-07-01,1.59
1960-08-01,-0.11
1960-09-01,-1.03
1960-10-01,1.0
1960-11-01,0.47
1960-12-01,1.7
1961-01-01,0.98
1961-02-01,0.05
1961-03-01,0.31
1961-04-01,-1.22
1961-05-01,-1.57
1961-06-01,-0.67
1961-07-01,1.52
1961-08-01,1.49
1961-09-01,1.06
1961-10-01,1.02
1961-11-01,-1.23
1961-12-01,-2.33
1962-01-01,-1.62
1962-02-01,-1.0
1962-03-01,0.77
1962-04-01,1.43
1962-05-01,-0.26
1962-06-01,-0.74
1962-07-01,-0.13
1962-08-01,-0.81
1962-09-01,-0.99
1962-10-01,-1.26
1962-11-01,0.16
1962-12-01,0.25
1963-01-01,-0.13
1963-02-01,2.69
1963-03-01,1.89
1963-04-01,2.73
1963-05-01,0.85
1963-06-01,-0.55
1963-07-01,-0.79
1963-08-01,-0.67
1963-09-01,-0.09
1963-10-01,0.0
1963-11-01,-0.13
1963-12-01,-0.2
1964-01-01,0.02
1964-02-01,-0.41
1964-03-01,-1.62
1964-04-01,0.13
1964-05-01,2.09
1964-06-01,2.21
1964-07-01,0.47
1964-08-01,0.06
1964-09-01,-2.84
1964-10-01,-2.3
1964-11-01,-1.78
1964-12-01,-0.57
1965-01-01,-0.99
1965-02-01,-1.97
1965-03-01,-2.26
1965-04-01,-2.1
1965-05-01,-2.91
1965-06-01,-4.32
1965-07-01,-4.58
1965-08-01,-3.25
1965-09-01,-1.64
1965-10-01,-0.63
1965-11-01,-0.63
1965-12-01,-1.62
1966-01-01,-2.0
1966-02-01,-0.86
1966-03-01,2.97
1966-04-01,3.99
1966-05-01,4.87
1966-06-01,3.9
1966-07-01,3.55
1966-08-01,2.81
1966-09-01,3.31
1966-10-01,3.52
1966-11-01,4.86
1966-12-01,4.4
1967-01-01,1.6
1967-02-01,0.71
1967-03-01,2.99
1967-04-01,4.03
1967-05-01,4.07
1967-06-01,3.88
1967-07-01,4.8
1967-08-01,5.64
1967-09-01,5.97
1967-10-01,5.03
1967-11-01,4.46
1967-12-01,3.42
1968-01-01,4.11
1968-02-01,6.22
1968-03-01,6.42
1968-04-01,5.76
1968-05-01,6.19
1968-06-01,5.78
1968-07-01,3.03
1968-08-01,1.88
1968-09-01,1.69
1968-10-01,3.34
1968-11-01,3.93
1968-12-01,3.59
1969-01-01,3.96
1969-02-01,3.38
1969-03-01,0.95
1969-04-01,1.18
1969-05-01,0.59
1969-06-01,1.17
1969-07-01,0.62
1969-08-01,-0.69
1969-09-01,-1.59
1969-10-01,-2.48
1969-11-01,-2.09
1969-12-01,-0.62
1970-01-01,0.29
1970-02-01,1.34
1970-03-01,1.56
1970-04-01,1.02
1970-05-01,0.6
1970-06-01,1.65
1970-07-01,2.12
1970-08-01,1.62
1970-09-01,0.19
1970-10-01,0.69
1970-11-01,1.66
1970-12-01,0.04
1971-01-01,-1.72
1971-02-01,-1.58
1971-03-01,-2.55
1971-04-01,-2.98
1971-05-01,-3.26
1971-06-01,-3.92
1971-07-01,-3.56
1971-08-01,-2.01
1971-09-01,-2.35
1971-10-01,-2.55
1971-11-01,-3.61
1971-12-01,-4.51
1972-01-01,-4.76
1972-02-01,-2.98
1972-03-01,-1.31
1972-04-01,-0.86
1972-05-01,-1.74
1972-06-01,-2.51
1972-07-01,-3.59
1972-08-01,-4.52
1972-09-01,-4.14
1972-10-01,-4.49
1972-11-01,-5.49
1972-12-01,-4.87
1973-01-01,-4.21
1973-02-01,-2.96
1973-03-01,-2.34
1973-04-01,-1.2
1973-05-01,0.45
1973-06-01,0.08
1973-07-01,1.03
1973-08-01,-0.33
1973-09-01,-1.01
1973-10-01,-1.38
1973-11-01,-0.86
1973-12-01,-1.34
1974-01-01,-0.48
1974-02-01,-1.32
1974-03-01,-1.73
1974-04-01,-1.74
1974-05-01,-3.26
1974-06-01,-4.08
1974-07-01,-3.73
1974-08-01,-3.18
1974-09-01,-2.23
1974-10-01,-2.78
1974-11-01,-3.57
1974-12-01,-3.27
1975-01-01,-4.57
1975-02-01,-3.5
1975-03-01,-4.42
1975-04-01,-5.28
1975-05-01,-4.89
1975-06-01,-3.99
1975-07-01,-4.34
1975-08-01,-4.8
1975-09-01,-4.63
1975-10-01,-4.95
1975-11-01,-5.25
1975-12-01,-3.14
1976-01-01,-2.5
1976-02-01,-2.5
1976-03-01,-1.87
1976-04-01,-4.2
1976-05-01,-5.47
1976-06-01,-6.24
1976-07-01,-6.29
1976-08-01,-6.02
1976-09-01,-4.79
1976-10-01,-2.79
1976-11-01,-1.8
1976-12-01,-1.69
1977-01-01,-1.94
1977-02-01,-1.15
1977-03-01,-2.31
1977-04-01,-1.52
1977-05-01,-1.59
1977-06-01,-1.37
1977-07-01,0.22
1977-08-01,2.44
1977-09-01,3.39
1977-10-01,1.7
1977-11-01,0.85
1977-12-01,2.23
1978-01-01,3.14
1978-02-01,3.02
1978-03-01,3.22
1978-04-01,3.59
1978-05-01,2.96
1978-06-01,3.5
1978-07-01,3.94
1978-08-01,2.84
1978-09-01,1.0
1978-10-01,1.02
1978-11-01,0.29
1978-12-01,-0.98
1979-01-01,0.77
1979-02-01,-0.59
1979-03-01,-0.97
1979-04-01,-0.36
1979-05-01,-0.69
1979-06-01,-0.34
1979-07-01,-0.19
1979-08-01,-0.16
1979-09-01,-0.84
1979-10-01,1.78
1979-11-01,2.02
1979-12-01,4.13
1980-01-01,5.73
1980-02-01,6.04
1980-03-01,5.62
1980-04-01,3.72
1980-05-01,2.35
1980-06-01,0.4
1980-07-01,0.8
1980-08-01,0.86
1980-09-01,0.2
1980-10-01,-0.51
1980-11-01,-0.9
1980-12-01,-0.19
1981-01-01,3.62
1981-02-01,3.19
1981-03-01,2.01
1981-04-01,0.82
1981-05-01,0.82
1981-06-01,0.94
1981-07-01,0.26
1981-08-01,0.63
1981-09-01,1.33
1981-10-01,1.08
1981-11-01,1.59
1981-12-01,1.94
1982-01-01,0.61
1982-02-01,1.66
1982-03-01,2.49
1982-04-01,3.1
1982-05-01,1.92
1982-06-01,2.46
1982-07-01,0.91
1982-08-01,-0.82
1982-09-01,-3.25
1982-10-01,-4.82
1982-11-01,-5.42
1982-12-01,-7.91
1983-01-01,-8.67
1983-02-01,-6.99
1983-03-01,-4.24
1983-04-01,-5.04
1983-05-01,-6.93
1983-06-01,-7.74
1983-07-01,-6.81
1983-08-01,-6.41
1983-09-01,-4.29
1983-10-01,-2.83
1983-11-01,-0.62
1983-12-01,1.04
1984-01-01,2.18
1984-02-01,0.08
1984-03-01,-0.28
1984-04-01,-3.35
1984-05-01,-2.09
1984-06-01,-1.34
1984-07-01,-0.62
1984-08-01,-1.62
1984-09-01,0.98
1984-10-01,1.04
1984-11-01,-0.48
1984-12-01,-0.14
1985-01-01,-0.17
1985-02-01,0.27
1985-03-01,-1.82
1985-04-01,-0.36
1985-05-01,-0.38
1985-06-01,0.99
1985-07-01,3.85
1985-08-01,3.08
1985-09-01,3.44
1985-10-01,2.42
1985-11-01,4.11
1985-12-01,5.51
1986-01-01,4.93
1986-02-01,4.49
1986-03-01,4.89
1986-04-01,4.21
1986-05-01,4.51
1986-06-01,4.97
1986-07-01,3.78
1986-08-01,4.48
1986-09-01,3.61
1986-10-01,2.75
1986-11-01,1.44
1986-12-01,1.32
1987-01-01,-1.46
1987-02-01,-1.53
1987-03-01,-2.06
1987-04-01,-2.8
1987-05-01,-1.2
1987-06-01,-1.16
1987-07-01,-2.37
1987-08-01,-3.24
1987-09-01,-2.26
1987-10-01,-0.0
1987-11-01,0.95
1987-12-01,-1.66
1988-01-01,0.33
1988-02-01,0.63
1988-03-01,-0.08
1988-04-01,1.03
1988-05-01,4.31
1988-06-01,3.09
1988-07-01,3.63
1988-08-01,2.55
1988-09-01,1.78
1988-10-01,1.54
1988-11-01,1.1
1988-12-01,1.71
1989-01-01,-2.82
1989-02-01,-4.41
1989-03-01,-0.49
1989-04-01,1.23
1989-05-01,1.14
1989-06-01,-0.06
1989-07-01,0.69
1989-08-01,-0.43
1989-09-01,-0.66
1989-10-01,-0.01
1989-11-01,2.07
1989-12-01,3.74
1990-01-01,1.79
1990-02-01,-0.13
1990-03-01,1.8
1990-04-01,1.77
1990-05-01,1.22
1990-06-01,1.13
1990-07-01,3.4
1990-08-01,3.41
1990-09-01,2.54
1990-10-01,3.56
1990-11-01,3.9
1990-12-01,3.7
1991-01-01,3.32
1991-02-01,4.2
1991-03-01,2.68
1991-04-01,1.77
1991-05-01,-1.09
1991-06-01,-2.68
1991-07-01,-1.88
1991-08-01,-0.11
1991-09-01,0.68
1991-10-01,1.09
1991-11-01,-0.39
1991-12-01,-1.76
1992-01-01,-3.87
1992-02-01,-3.03
1992-03-01,-2.5
1992-04-01,-1.84
1992-05-01,2.01
1992-06-01,4.53
1992-07-01,5.67
1992-08-01,4.54
1992-09-01,4.85
1992-10-01,5.66
1992-11-01,5.18
1992-12-01,4.19
1993-01-01,4.16
1993-02-01,3.44
1993-03-01,1.74
1993-04-01,-0.68
1993-05-01,-1.07
1993-06-01,0.57
1993-07-01,1.6
1993-08-01,2.32
1993-09-01,1.5
1993-10-01,2.69
1993-11-01,3.56
1993-12-01,2.86
1994-01-01,3.15
1994-02-01,3.03
1994-03-01,3.83
1994-04-01,4.51
1994-05-01,2.07
1994-06-01,2.04
1994-07-01,5.4
1994-08-01,5.38
1994-09-01,3.86
1994-10-01,2.47
1994-11-01,-0.91
1994-12-01,-4.06
1995-01-01,-2.98
1995-02-01,-0.35
1995-03-01,4.94
1995-04-01,3.43
1995-05-01,4.83
1995-06-01,2.82
1995-07-01,1.77
1995-08-01,2.55
1995-09-01,3.03
1995-10-01,2.25
1995-11-01,2.62
1995-12-01,4.32
1996-01-01,2.88
1996-02-01,3.1
1996-03-01,2.26
1996-04-01,2.77
1996-05-01,3.75
1996-06-01,3.04
1996-07-01,0.32
1996-08-01,1.46
1996-09-01,1.92
1996-10-01,2.61
1996-11-01,3.42
1996-12-01,3.58
1997-01-01,5.44
1997-02-01,3.6
1997-03-01,1.96
1997-04-01,1.96
1997-05-01,1.36
1997-06-01,0.51
1997-07-01,-4.43
1997-08-01,-5.33
1997-09-01,-4.71
1997-10-01,-6.17
1997-11-01,-6.26
1997-12-01,-8.51
1998-01-01,-8.36
1998-02-01,-6.69
1998-03-01,-5.39
1998-04-01,-8.57
1998-05-01,-7.11
1998-06-01,-3.22
1998-07-01,-3.07
1998-08-01,-1.98
1998-09-01,-1.88
1998-10-01,-2.82
1998-11-01,-3.61
1998-12-01,-4.63
1999-01-01,-3.27
1999-02-01,-5.94
1999-03-01,-7.27
1999-04-01,-6.33
1999-05-01,-6.93
1999-06-01,-5.61
1999-07-01,-4.24
1999-08-01,-3.19
1999-09-01,-2.52
1999-10-01,-2.45
1999-11-01,-0.71
1999-12-01,-1.41
2000-01-01,-1.38
2000-02-01,-3.27
2000-03-01,-5.19
2000-04-01,-6.32
2000-05-01,-5.92
2000-06-01,-1.24
2000-07-01,-0.42
2000-08-01,0.6
2000-09-01,-0.05
2000-10-01,-0.92
2000-11-01,-1.18
2000-12-01,-1.49
2001-01-01,-0.97
2001-02-01,-4.06
2001-03-01,-5.57
2001-04-01,-5.92
2001-05-01,-5.63
2001-06-01,-3.3
2001-07-01,-1.38
2001-08-01,0.61
2001-09-01,1.84
2001-10-01,1.15
2001-11-01,3.46
2001-12-01,1.37
2002-01-01,1.65
2002-02-01,-0.86
2002-03-01,-1.81
2002-04-01,0.43
2002-05-01,-0.46
2002-06-01,-1.81
2002-07-01,-3.04
2002-08-01,-1.37
2002-09-01,-1.61
2002-10-01,-1.72
2002-11-01,-2.84
2002-12-01,-1.48
2003-01-01,-0.2
2003-02-01,2.09
2003-03-01,2.23
2003-04-01,1.81
2003-05-01,2.07
2003-06-01,2.43
2003-07-01,0.64
2003-08-01,1.45
2003-09-01,1.93
2003-10-01,1.47
2003-11-01,0.64
2003-12-01,0.58
2004-01-01,0.61
2004-02-01,0.72
2004-03-01,0.43
2004-04-01,0.28
2004-05-01,2.94
2004-06-01,2.82
2004-07-01,2.36
2004-08-01,2.5
2004-09-01,2.71
2004-10-01,2.24
2004-11-01,1.3
2004-12-01,-0.18
2005-01-01,2.89
2005-02-01,3.59
2005-03-01,3.31
2005-04-01,0.49
2005-05-01,-0.48
2005-06-01,-0.81
2005-07-01,-1.72
2005-08-01,-1.03
2005-09-01,0.79
2005-10-01,-0.6
2005-11-01,0.81
2005-12-01,2.7
2006-01-01,0.62
2006-02-01,-1.82
2006-03-01,-0.12
2006-04-01,-0.38
2006-05-01,-2.21
2006-06-01,-0.65
2006-07-01,-0.6
2006-08-01,0.31
2006-09-01,-0.92
2006-10-01,-1.26
2006-11-01,-0.19
2006-12-01,-1.83
2007-01-01,-3.76
2007-02-01,-2.3
2007-03-01,-0.76
2007-04-01,-0.37
2007-05-01,-1.85
2007-06-01,-0.61
2007-07-01,-0.2
2007-08-01,1.57
2007-09-01,2.89
2007-10-01,1.6
2007-11-01,1.31
2007-12-01,0.87
2008-01-01,-1.98
2008-02-01,-4.39
2008-03-01,-4.7
2008-04-01,-6.81
2008-05-01,-7.94
2008-06-01,-7.0
2008-07-01,-5.43
2008-08-01,-6.18
2008-09-01,-5.45
2008-10-01,-4.33
2008-11-01,-2.52
2008-12-01,-1.02
2009-01-01,-0.98
2009-02-01,-2.38
2009-03-01,-1.02
2009-04-01,-3.66
2009-05-01,-2.46
2009-06-01,0.25
2009-07-01,-1.72
2009-08-01,-0.36
2009-09-01,1.4
2009-10-01,2.09
2009-11-01,1.13
2009-12-01,0.78
2010-01-01,2.16
2010-02-01,1.09
2010-03-01,-0.27
2010-04-01,-1.78
2010-05-01,-2.72
2010-06-01,-1.32
2010-07-01,-1.25
2010-08-01,-2.22
2010-09-01,-1.99
2010-10-01,-1.29
2010-11-01,-1.08
2010-12-01,-0.08
2011-01-01,-0.44
2011-02-01,-1.9
2011-03-01,-2.02
2011-04-01,-4.28
2011-05-01,-5.11
2011-06-01,-7.3
2011-07-01,-6.94
2011-08-01,-5.4
2011-09-01,-3.92
2011-10-01,-2.46
2011-11-01,-2.02
2011-12-01,-2.49
2012-01-01,-3.65
2012-02-01,-4.34
2012-03-01,-4.94
2012-04-01,-5.26
2012-05-01,-5.73
2012-06-01,-8.11
2012-07-01,-8.13
2012-08-01,-6.93
2012-09-01,-5.01
2012-10-01,-1.86
2012-11-01,-1.14
2012-12-01,0.97
2013-01-01,-0.45
2013-02-01,-2.11
2013-03-01,-4.73
2013-04-01,-1.07
2013-05-01,2.83
2013-06-01,1.27
2013-07-01,2.28
2013-08-01,1.27
2013-09-01,1.3
2013-10-01,-0.18
2013-11-01,1.3
2013-12-01,1.11
2014-01-01,1.1
2014-02-01,4.15
2014-03-01,4.7
2014-04-01,1.99
2014-05-01,1.49
2014-06-01,0.47
2014-07-01,-0.18
2014-08-01,0.71
2014-09-01,1.82
2014-10-01,1.79
2014-11-01,2.41
2014-12-01,3.38
2015-01-01,4.82
2015-02-01,7.62
2015-03-01,8.58
2015-04-01,6.17
2015-05-01,2.13
2015-06-01,2.62
2015-07-01,2.0
2015-08-01,2.83
2015-09-01,3.42
2015-10-01,2.8
2015-11-01,0.26
2015-12-01,-2.12
2016-01-01,-3.31
2016-02-01,-1.11
2016-03-01,1.2
2016-04-01,2.36
2016-05-01,2.8
2016-06-01,4.19
2016-07-01,4.79
2016-08-01,5.64
2016-09-01,3.63
2016-10-01,1.67
2016-11-01,1.94
2016-12-01,1.4
2017-01-01,1.03
2017-02-01,-0.56
2017-03-01,0.22
2017-04-01,-0.09
2017-05-01,-0.06
2017-06-01,1.2
2017-07-01,1.43
2017-08-01,2.55
2017-09-01,4.02
2017-10-01,3.28
2017-11-01,6.03
2017-12-01,7.48
2018-01-01,6.88
2018-02-01,6.66
2018-03-01,5.16
2018-04-01,6.9
2018-05-01,5.21
2018-06-01,3.09
2018-07-01,2.58
2018-08-01,4.79
2018-09-01,5.19
2018-10-01,3.07
2018-11-01,2.82
2018-12-01,1.75
2019-01-01,0.98
2019-02-01,1.55
2019-03-01,1.16
2019-04-01,2.06
2019-05-01,3.01
2019-06-01,3.15
2019-07-01,3.66
2019-08-01,5.24
2019-09-01,5.85
2019-10-01,5.29
2019-11-01,5.17
2019-12-01,6.12
2020-01-01,3.11
2020-02-01,0.47
2020-03-01,-0.53
2020-04-01,-1.05
2020-05-01,0.44
2020-06-01,1.54
2020-07-01,1.97
2020-08-01,2.31
2020-09-01,4.26
2020-10-01,4.82
2020-11-01,5.03
2020-12-01,2.46
2021-01-01,-1.09
2021-02-01,-2.64
2021-03-01,-3.69
2021-04-01,-1.22
2021-05-01,-2.11
2021-06-01,-2.6
2021-07-01,-1.38
2021-08-01,-0.34
2021-09-01,0.55
2021-10-01,-0.08
2021-11-01,-0.05
2021-12-01,2.54
2022-01-01,4.46
2022-02-01,3.95
2022-03-01,0.67
2022-04-01,0.19
2022-05-01,-0.97
2022-06-01,-0.58
2022-07-01,-1.11
2022-08-01,-0.12
2022-09-01,2.25
2022-10-01,3.69
2022-11-01,2.16
2022-12-01,1.47
2023-01-01,0.31
2023-02-01,-2.85
2023-03-01,-4.08
2023-04-01,-4.28
2023-05-01,-5.09
2023-06-01,-5.59
2023-07-01,-7.85
2023-08-01,-6.17
2023-09-01,-5.27
2023-10-01,-4.26
2023-11-01,-4.0
2023-12-01,-3.46
2024-01-01,-3.36
2024-02-01,-1.89
2024-03-01,-1.1
2024-04-01,-0.97
2024-05-01,0.41
2024-06-01,1.12
2024-07-01,1.72
2024-08-01,2.76
2024-09-01,2.68
2024-10-01,1.32
2024-11-01,0.43
2024-12-01,0.44
2025-01-01,-1.05
2025-02-01,-1.81
2025-03-01,-4.26
2025-04-01,-2.43
2025-05-01,-2.16
2025-06-01,-2.36
2025-07-01,-3.03
2025-08-01,-1.45
2025-09-01,0.22
2025-10-01,-0.07
2025-11-01,-0.3
2025-12-01,2.03
2026-01-01,2.7
2026-02-01,1.92
