date,pmm_wind
1948-01-01,3.89
1948-02-01,0.15
1948-03-01,-1.09
1948-04-01,7.29
1948-05-01,-2.35
1948-06-01,7.61
1948-07-01,3.46
1948-08-01,2.6
1948-09-01,0.16
1948-10-01,-4.93
1948-11-01,-5.01
1948-12-01,-12.9
1949-01-01,-3.78
1949-02-01,-4.47
1949-03-01,-4.21
1949-04-01,-3.7
1949-05-01,3.38
1949-06-01,2.23
1949-07-01,-0.63
1949-08-01,-0.8
1949-09-01,-0.49
1949-10-01,-2.59
1949-11-01,1.68
1949-12-01,-1.55
1950-01-01,8.8
1950-02-01,0.27
1950-03-01,-5.0
1950-04-01,0.52
1950-05-01,-4.53
1950-06-01,-1.56
1950-07-01,0.57
1950-08-01,0.19
1950-09-01,-0.22
1950-10-01,-3.37
1950-11-01,9.44
1950-12-01,2.95
1951-01-01,-10.5
1951-02-01,-4.05
1951-03-01,5.34
1951-04-01,1.58
1951-05-01,2.95
1951-06-01,4.51
1951-07-01,-3.85
1951-08-01,-1.41
1951-09-01,0.91
1951-10-01,-3.28
1951-11-01,-13.05
1951-12-01,-8.73
1952-01-01,-6.68
1952-02-01,-9.16
1952-03-01,-13.7
1952-04-01,-0.94
1952-05-01,2.25
1952-06-01,-6.22
1952-07-01,1.95
1952-08-01,0.23
1952-09-01,-0.73
1952-10-01,1.03
1952-11-01,-8.44
1952-12-01,-7.1
1953-01-01,-0.06
1953-02-01,-11.79
1953-03-01,-5.57
1953-04-01,-0.37
1953-05-01,-7.12
1953-06-01,-4.6
1953-07-01,-2.77
1953-08-01,-2.23
1953-09-01,-3.83
1953-10-01,-5.26
1953-11-01,-9.22
1953-12-01,-6.68
1954-01-01,-1.62
1954-02-01,4.32
1954-03-01,7.36
1954-04-01,10.81
1954-05-01,5.08
1954-06-01,0.94
1954-07-01,0.49
1954-08-01,0.1
1954-09-01,-0.85
1954-10-01,-0.7
1954-11-01,1.54
1954-12-01,-2.09
1955-01-01,-11.35
1955-02-01,-4.92
1955-03-01,0.21
1955-04-01,-3.87
1955-05-01,-3.85
1955-06-01,-1.0
1955-07-01,-3.26
1955-08-01,-4.25
1955-09-01,-5.51
1955-10-01,-2.54
1955-11-01,-1.3
1955-12-01,3.45
1956-01-01,2.85
1956-02-01,-2.06
1956-03-01,-4.64
1956-04-01,2.05
1956-05-01,-3.63
1956-06-01,-4.48
1956-07-01,0.41
1956-08-01,-1.24
1956-09-01,-1.16
1956-10-01,-4.51
1956-11-01,5.63
1956-12-01,5.31
1957-01-01,-3.25
1957-02-01,8.57
1957-03-01,1.59
1957-04-01,1.67
1957-05-01,4.02
1957-06-01,4.59
1957-07-01,-4.15
1957-08-01,-3.52
1957-09-01,1.85
1957-10-01,4.9
1957-11-01,3.17
1957-12-01,-2.29
1958-01-01,-3.49
1958-02-01,11.61
1958-03-01,4.79
1958-04-01,-3.91
1958-05-01,-0.52
1958-06-01,0.26
1958-07-01,2.92
1958-08-01,-1.64
1958-09-01,-1.32
1958-10-01,-0.17
1958-11-01,5.82
1958-12-01,6.37
1959-01-01,5.37
1959-02-01,4.76
1959-03-01,-6.17
1959-04-01,5.93
1959-05-01,2.91
1959-06-01,3.85
1959-07-01,2.61
1959-08-01,3.04
1959-09-01,-2.1
1959-10-01,-1.6
1959-11-01,1.21
1959-12-01,-7.01
1960-01-01,-7.17
1960-02-01,-0.84
1960-03-01,6.17
1960-04-01,0.43
1960-05-01,-0.63
1960-06-01,3.11
1960-07-01,0.44
1960-08-01,-4.17
1960-09-01,-4.09
1960-10-01,0.59
1960-11-01,-6.6
1960-12-01,2.62
1961-01-01,6.02
1961-02-01,-12.28
1961-03-01,-1.03
1961-04-01,1.82
1961-05-01,-0.95
1961-06-01,1.31
1961-07-01,2.31
1961-08-01,-1.42
1961-09-01,0.02
1961-10-01,1.05
1961-11-01,-1.28
1961-12-01,-10.34
1962-01-01,-3.98
1962-02-01,3.72
1962-03-01,3.27
1962-04-01,1.27
1962-05-01,-2.04
1962-06-01,4.73
1962-07-01,-0.36
1962-08-01,-1.0
1962-09-01,-3.87
1962-10-01,-0.07
1962-11-01,-7.13
1962-12-01,8.67
1963-01-01,10.22
1963-02-01,10.39
1963-03-01,2.49
1963-04-01,1.37
1963-05-01,0.92
1963-06-01,0.15
1963-07-01,-3.72
1963-08-01,-3.48
1963-09-01,-0.56
1963-10-01,-2.07
1963-11-01,-0.53
1963-12-01,5.19
1964-01-01,-13.3
1964-02-01,-12.16
1964-03-01,-4.61
1964-04-01,-2.03
1964-05-01,2.71
1964-06-01,2.94
1964-07-01,-0.52
1964-08-01,-2.47
1964-09-01,-4.76
1964-10-01,-1.4
1964-11-01,1.27
1964-12-01,5.04
1965-01-01,5.33
1965-02-01,0.08
1965-03-01,4.36
1965-04-01,3.43
1965-05-01,-1.52
1965-06-01,-2.66
1965-07-01,0.19
1965-08-01,-1.15
1965-09-01,1.37
1965-10-01,4.45
1965-11-01,6.1
1965-12-01,-8.8
1966-01-01,-8.64
1966-02-01,3.14
1966-03-01,3.04
1966-04-01,8.7
1966-05-01,8.83
1966-06-01,2.03
1966-07-01,0.64
1966-08-01,2.03
1966-09-01,2.93
1966-10-01,2.24
1966-11-01,7.82
1966-12-01,-0.62
1967-01-01,-7.04
1967-02-01,-6.27
1967-03-01,7.8
1967-04-01,7.18
1967-05-01,3.21
1967-06-01,4.94
1967-07-01,2.15
1967-08-01,1.33
1967-09-01,4.5
1967-10-01,3.44
1967-11-01,1.48
1967-12-01,13.58
1968-01-01,12.84
1968-02-01,23.86
1968-03-01,5.48
1968-04-01,11.89
1968-05-01,10.31
1968-06-01,2.41
1968-07-01,-0.01
1968-08-01,4.24
1968-09-01,5.81
1968-10-01,7.48
1968-11-01,2.09
1968-12-01,8.2
1969-01-01,17.34
1969-02-01,-5.6
1969-03-01,-0.87
1969-04-01,-4.25
1969-05-01,0.44
1969-06-01,1.6
1969-07-01,-1.73
1969-08-01,-4.29
1969-09-01,-4.86
1969-10-01,0.54
1969-11-01,-5.02
1969-12-01,-5.21
1970-01-01,7.21
1970-02-01,0.45
1970-03-01,-6.58
1970-04-01,-7.73
1970-05-01,-1.79
1970-06-01,-0.77
1970-07-01,0.53
1970-08-01,-2.63
1970-09-01,-3.83
1970-10-01,-2.32
1970-11-01,3.5
1970-12-01,-12.7
1971-01-01,7.44
1971-02-01,-8.08
1971-03-01,-4.06
1971-04-01,-4.43
1971-05-01,-1.22
1971-06-01,0.05
1971-07-01,0.07
1971-08-01,-2.5
1971-09-01,-7.38
1971-10-01,-5.99
1971-11-01,-6.32
1971-12-01,-5.72
1972-01-01,-0.06
1972-02-01,1.3
1972-03-01,13.12
1972-04-01,-2.06
1972-05-01,0.28
1972-06-01,1.91
1972-07-01,-3.3
1972-08-01,-0.05
1972-09-01,-4.4
1972-10-01,-3.69
1972-11-01,-12.27
1972-12-01,0.31
1973-01-01,-9.94
1973-02-01,-7.86
1973-03-01,-16.35
1973-04-01,-3.14
1973-05-01,-1.03
1973-06-01,-3.8
1973-07-01,1.3
1973-08-01,-2.44
1973-09-01,-3.9
1973-10-01,-2.62
1973-11-01,-0.95
1973-12-01,2.23
1974-01-01,7.14
1974-02-01,-9.68
1974-03-01,7.11
1974-04-01,-1.03
1974-05-01,-1.73
1974-06-01,-2.88
1974-07-01,-3.97
1974-08-01,0.76
1974-09-01,0.65
1974-10-01,-4.07
1974-11-01,-1.2
1974-12-01,-8.57
1975-01-01,-5.92
1975-02-01,-0.89
1975-03-01,-9.33
1975-04-01,-8.6
1975-05-01,-3.11
1975-06-01,-3.84
1975-07-01,-2.86
1975-08-01,-5.38
1975-09-01,-5.39
1975-10-01,-8.71
1975-11-01,-3.16
1975-12-01,-0.39
1976-01-01,-1.74
1976-02-01,-4.34
1976-03-01,0.53
1976-04-01,-4.51
1976-05-01,-7.93
1976-06-01,-1.81
1976-07-01,-2.54
1976-08-01,-2.5
1976-09-01,4.95
1976-10-01,-1.1
1976-11-01,2.65
1976-12-01,-4.6
1977-01-01,-1.27
1977-02-01,-8.77
1977-03-01,-11.15
1977-04-01,1.55
1977-05-01,-1.68
1977-06-01,-0.35
1977-07-01,-2.21
1977-08-01,1.75
1977-09-01,4.67
1977-10-01,0.16
1977-11-01,1.39
1977-12-01,6.94
1978-01-01,2.21
1978-02-01,7.81
1978-03-01,4.79
1978-04-01,3.99
1978-05-01,-1.27
1978-06-01,4.43
1978-07-01,5.44
1978-08-01,2.8
1978-09-01,-1.43
1978-10-01,4.91
1978-11-01,3.97
1978-12-01,-0.99
1979-01-01,-2.09
1979-02-01,-4.74
1979-03-01,0.9
1979-04-01,4.47
1979-05-01,-1.08
1979-06-01,-2.52
1979-07-01,1.37
1979-08-01,3.67
1979-09-01,-3.42
1979-10-01,-0.17
1979-11-01,2.34
1979-12-01,5.49
1980-01-01,12.47
1980-02-01,13.54
1980-03-01,-5.25
1980-04-01,-2.3
1980-05-01,-1.49
1980-06-01,0.08
1980-07-01,-0.22
1980-08-01,0.18
1980-09-01,0.77
1980-10-01,-0.77
1980-11-01,0.11
1980-12-01,13.48
1981-01-01,6.37
1981-02-01,3.64
1981-03-01,-0.02
1981-04-01,1.07
1981-05-01,-0.22
1981-06-01,-0.61
1981-07-01,-0.01
1981-08-01,2.68
1981-09-01,1.97
1981-10-01,2.39
1981-11-01,0.22
1981-12-01,1.42
1982-01-01,-2.1
1982-02-01,12.6
1982-03-01,2.59
1982-04-01,8.62
1982-05-01,0.18
1982-06-01,5.48
1982-07-01,4.01
1982-08-01,1.22
1982-09-01,1.78
1982-10-01,4.9
1982-11-01,-2.1
1982-12-01,-5.77
1983-01-01,-3.16
1983-02-01,-3.25
1983-03-01,-2.53
1983-04-01,-8.78
1983-05-01,-13.85
1983-06-01,-10.49
1983-07-01,-12.32
1983-08-01,-10.17
1983-09-01,-8.23
1983-10-01,-4.35
1983-11-01,-1.81
1983-12-01,10.55
1984-01-01,-5.92
1984-02-01,-9.88
1984-03-01,-0.53
1984-04-01,-9.42
1984-05-01,-4.84
1984-06-01,-3.1
1984-07-01,-1.56
1984-08-01,-0.17
1984-09-01,0.67
1984-10-01,-0.32
1984-11-01,-3.34
1984-12-01,-2.23
1985-01-01,6.26
1985-02-01,-4.33
1985-03-01,-4.91
1985-04-01,3.27
1985-05-01,0.93
1985-06-01,5.36
1985-07-01,4.89
1985-08-01,1.21
1985-09-01,3.49
1985-10-01,4.52
1985-11-01,13.6
1985-12-01,9.01
1986-01-01,7.75
1986-02-01,18.84
1986-03-01,3.62
1986-04-01,0.53
1986-05-01,3.71
1986-06-01,2.72
1986-07-01,4.55
1986-08-01,4.22
1986-09-01,9.07
1986-10-01,5.46
1986-11-01,0.72
1986-12-01,-0.63
1987-01-01,-7.59
1987-02-01,4.95
1987-03-01,5.09
1987-04-01,-2.46
1987-05-01,6.38
1987-06-01,0.73
1987-07-01,0.75
1987-08-01,1.57
1987-09-01,1.65
1987-10-01,-0.11
1987-11-01,-5.49
1987-12-01,-5.6
1988-01-01,-5.98
1988-02-01,-4.85
1988-03-01,-4.01
1988-04-01,-0.25
1988-05-01,-0.64
1988-06-01,-0.02
1988-07-01,3.22
1988-08-01,3.51
1988-09-01,-1.8
1988-10-01,3.47
1988-11-01,0.65
1988-12-01,1.36
1989-01-01,-12.11
1989-02-01,1.11
1989-03-01,8.04
1989-04-01,5.94
1989-05-01,0.11
1989-06-01,2.27
1989-07-01,-2.64
1989-08-01,0.46
1989-09-01,-1.87
1989-10-01,3.47
1989-11-01,8.67
1989-12-01,12.64
1990-01-01,-4.95
1990-02-01,7.81
1990-03-01,1.88
1990-04-01,6.03
1990-05-01,-1.73
1990-06-01,-1.09
1990-07-01,4.26
1990-08-01,2.88
1990-09-01,2.38
1990-10-01,0.72
1990-11-01,3.44
1990-12-01,2.85
1991-01-01,5.04
1991-02-01,9.11
1991-03-01,-1.12
1991-04-01,0.29
1991-05-01,0.82
1991-06-01,1.81
1991-07-01,2.13
1991-08-01,0.82
1991-09-01,8.33
1991-10-01,7.97
1991-11-01,0.97
1991-12-01,1.89
1992-01-01,-1.65
1992-02-01,8.18
1992-03-01,-0.12
1992-04-01,7.16
1992-05-01,9.55
1992-06-01,0.13
1992-07-01,4.85
1992-08-01,3.89
1992-09-01,7.95
1992-10-01,5.25
1992-11-01,7.06
1992-12-01,-0.33
1993-01-01,16.26
1993-02-01,9.5
1993-03-01,2.74
1993-04-01,-4.05
1993-05-01,1.39
1993-06-01,-0.98
1993-07-01,1.04
1993-08-01,4.47
1993-09-01,3.01
1993-10-01,8.67
1993-11-01,-0.04
1993-12-01,-4.96
1994-01-01,0.33
1994-02-01,0.93
1994-03-01,3.29
1994-04-01,2.49
1994-05-01,-1.17
1994-06-01,0.72
1994-07-01,5.32
1994-08-01,4.36
1994-09-01,7.89
1994-10-01,8.04
1994-11-01,-5.1
1994-12-01,-9.81
1995-01-01,1.09
1995-02-01,13.66
1995-03-01,12.63
1995-04-01,5.39
1995-05-01,4.6
1995-06-01,1.92
1995-07-01,1.44
1995-08-01,-2.72
1995-09-01,4.18
1995-10-01,0.0
1995-11-01,6.73
1995-12-01,7.51
1996-01-01,1.38
1996-02-01,7.34
1996-03-01,8.87
1996-04-01,-0.25
1996-05-01,5.14
1996-06-01,0.62
1996-07-01,-0.02
1996-08-01,2.93
1996-09-01,-0.16
1996-10-01,0.8
1996-11-01,5.75
1996-12-01,9.81
1997-01-01,9.12
1997-02-01,-8.74
1997-03-01,5.98
1997-04-01,5.01
1997-05-01,11.7
1997-06-01,-2.53
1997-07-01,-3.0
1997-08-01,1.19
1997-09-01,-3.25
1997-10-01,-4.67
1997-11-01,-3.84
1997-12-01,-13.31
1998-01-01,-5.75
1998-02-01,-13.63
1998-03-01,-7.03
1998-04-01,-14.13
1998-05-01,-11.48
1998-06-01,-9.11
1998-07-01,-7.36
1998-08-01,-5.57
1998-09-01,-5.87
1998-10-01,-12.22
1998-11-01,-10.45
1998-12-01,-13.5
1999-01-01,-11.49
1999-02-01,-14.01
1999-03-01,-11.49
1999-04-01,-9.52
1999-05-01,-3.61
1999-06-01,-0.54
1999-07-01,-1.8
1999-08-01,-0.77
1999-09-01,-1.83
1999-10-01,-2.76
1999-11-01,0.28
1999-12-01,3.42
2000-01-01,-4.95
2000-02-01,-6.55
2000-03-01,-10.94
2000-04-01,-7.42
2000-05-01,-3.84
2000-06-01,2.13
2000-07-01,-0.07
2000-08-01,0.11
2000-09-01,2.67
2000-10-01,-2.82
2000-11-01,-2.17
2000-12-01,2.73
2001-01-01,-11.41
2001-02-01,-7.96
2001-03-01,-6.03
2001-04-01,-8.81
2001-05-01,-2.04
2001-06-01,0.51
2001-07-01,1.41
2001-08-01,-0.15
2001-09-01,1.9
2001-10-01,-0.49
2001-11-01,3.96
2001-12-01,-1.54
2002-01-01,-3.56
2002-02-01,-6.91
2002-03-01,0.8
2002-04-01,4.2
2002-05-01,1.26
2002-06-01,-2.63
2002-07-01,3.91
2002-08-01,0.16
2002-09-01,0.03
2002-10-01,0.12
2002-11-01,-0.15
2002-12-01,-5.07
2003-01-01,7.82
2003-02-01,-0.82
2003-03-01,1.12
2003-04-01,-2.96
2003-05-01,-0.47
2003-06-01,5.09
2003-07-01,0.03
2003-08-01,3.31
2003-09-01,3.02
2003-10-01,1.5
2003-11-01,-2.07
2003-12-01,-2.63
2004-01-01,5.43
2004-02-01,-0.89
2004-03-01,-0.48
2004-04-01,1.61
2004-05-01,1.9
2004-06-01,-0.41
2004-07-01,2.15
2004-08-01,4.29
2004-09-01,-0.36
2004-10-01,-0.7
2004-11-01,-0.27
2004-12-01,-2.27
2005-01-01,6.66
2005-02-01,3.86
2005-03-01,8.54
2005-04-01,-3.04
2005-05-01,-0.56
2005-06-01,-5.34
2005-07-01,-3.12
2005-08-01,3.65
2005-09-01,-1.47
2005-10-01,-5.24
2005-11-01,1.7
2005-12-01,6.46
2006-01-01,-16.62
2006-02-01,-2.61
2006-03-01,1.85
2006-04-01,-8.04
2006-05-01,0.19
2006-06-01,1.58
2006-07-01,2.95
2006-08-01,-0.03
2006-09-01,-2.95
2006-10-01,5.96
2006-11-01,-1.79
2006-12-01,-8.53
2007-01-01,-9.18
2007-02-01,-6.24
2007-03-01,-0.44
2007-04-01,-5.93
2007-05-01,-2.38
2007-06-01,-4.86
2007-07-01,-2.44
2007-08-01,-1.66
2007-09-01,-3.44
2007-10-01,-5.91
2007-11-01,0.69
2007-12-01,-6.19
2008-01-01,-12.95
2008-02-01,-6.95
2008-03-01,-7.34
2008-04-01,-5.53
2008-05-01,-4.45
2008-06-01,-4.24
2008-07-01,-0.34
2008-08-01,-4.81
2008-09-01,-3.17
2008-10-01,-4.59
2008-11-01,-9.29
2008-12-01,-2.81
2009-01-01,-5.91
2009-02-01,-14.03
2009-03-01,-5.37
2009-04-01,-1.38
2009-05-01,5.71
2009-06-01,-1.87
2009-07-01,-3.75
2009-08-01,3.31
2009-09-01,-2.73
2009-10-01,2.06
2009-11-01,-6.79
2009-12-01,5.21
2010-01-01,4.02
2010-02-01,-3.54
2010-03-01,-8.73
2010-04-01,-6.95
2010-05-01,-9.62
2010-06-01,-5.57
2010-07-01,-2.5
2010-08-01,-5.59
2010-09-01,-0.89
2010-10-01,-3.31
2010-11-01,-3.99
2010-12-01,1.94
2011-01-01,-3.85
2011-02-01,-7.2
2011-03-01,-7.65
2011-04-01,-6.81
2011-05-01,-10.74
2011-06-01,-9.94
2011-07-01,-9.49
2011-08-01,-4.68
2011-09-01,-6.01
2011-10-01,-3.0
2011-11-01,-7.2
2011-12-01,-9.75
2012-01-01,-5.73
2012-02-01,-11.76
2012-03-01,-7.19
2012-04-01,-7.77
2012-05-01,-8.34
2012-06-01,-8.54
2012-07-01,-10.06
2012-08-01,-7.97
2012-09-01,-11.4
2012-10-01,-2.9
2012-11-01,-1.33
2012-12-01,-4.71
2013-01-01,-6.38
2013-02-01,-16.04
2013-03-01,-0.38
2013-04-01,-0.22
2013-05-01,-0.56
2013-06-01,-3.29
2013-07-01,0.17
2013-08-01,0.79
2013-09-01,-6.62
2013-10-01,-2.01
2013-11-01,-1.01
2013-12-01,-4.91
2014-01-01,3.77
2014-02-01,5.14
2014-03-01,7.19
2014-04-01,-5.78
2014-05-01,-1.1
2014-06-01,-5.05
2014-07-01,1.4
2014-08-01,8.25
2014-09-01,0.09
2014-10-01,0.14
2014-11-01,3.66
2014-12-01,1.48
2015-01-01,7.96
2015-02-01,12.08
2015-03-01,6.72
2015-04-01,-0.82
2015-05-01,1.54
2015-06-01,1.43
2015-07-01,9.82
2015-08-01,10.38
2015-09-01,8.9
2015-10-01,10.15
2015-11-01,-10.68
2015-12-01,-17.34
2016-01-01,-3.24
2016-02-01,-2.65
2016-03-01,1.81
2016-04-01,-4.48
2016-05-01,-0.97
2016-06-01,1.24
2016-07-01,3.06
2016-08-01,2.22
2016-09-01,-0.14
2016-10-01,-1.68
2016-11-01,-5.44
2016-12-01,-2.38
2017-01-01,-5.73
2017-02-01,-2.56
2017-03-01,-3.09
2017-04-01,-0.83
2017-05-01,-6.68
2017-06-01,-0.41
2017-07-01,-1.5
2017-08-01,0.79
2017-09-01,4.09
2017-10-01,2.09
2017-11-01,4.12
2017-12-01,11.34
2018-01-01,-5.44
2018-02-01,3.12
2018-03-01,7.31
2018-04-01,7.33
2018-05-01,5.34
2018-06-01,6.5
2018-07-01,3.66
2018-08-01,11.61
2018-09-01,8.74
2018-10-01,8.07
2018-11-01,-0.04
2018-12-01,-9.0
2019-01-01,-4.1
2019-02-01,5.89
2019-03-01,2.71
2019-04-01,-2.45
2019-05-01,6.59
2019-06-01,0.97
2019-07-01,1.83
2019-08-01,1.68
2019-09-01,8.82
2019-10-01,4.12
2019-11-01,6.4
2019-12-01,1.1
2020-01-01,-10.9
2020-02-01,-6.37
2020-03-01,-0.0
2020-04-01,6.59
2020-05-01,2.56
2020-06-01,2.47
2020-07-01,0.43
2020-08-01,2.64
2020-09-01,2.77
2020-10-01,7.86
2020-11-01,-0.66
2020-12-01,-9.0
2021-01-01,-17.07
2021-02-01,-7.06
2021-03-01,-7.08
2021-04-01,4.65
2021-05-01,-1.4
2021-06-01,2.55
2021-07-01,-1.88
2021-08-01,5.25
2021-09-01,-3.21
2021-10-01,-0.39
2021-11-01,1.34
2021-12-01,2.26
2022-01-01,3.8
2022-02-01,-2.13
2022-03-01,-1.84
2022-04-01,-2.4
2022-05-01,3.06
2022-06-01,5.98
2022-07-01,-0.64
2022-08-01,6.06
2022-09-01,7.88
2022-10-01,8.01
2022-11-01,2.08
2022-12-01,4.2
2023-01-01,-3.29
2023-02-01,-14.91
2023-03-01,8.79
2023-04-01,1.92
2023-05-01,0.61
2023-06-01,-3.59
2023-07-01,-6.57
2023-08-01,-5.01
2023-09-01,-8.02
2023-10-01,-0.63
2023-11-01,-5.01
2023-12-01,-5.37
2024-01-01,1.3
2024-02-01,-6.16
2024-03-01,-6.11
2024-04-01,-2.67
2024-05-01,-1.64
2024-06-01,-1.23
2024-07-01,-0.05
2024-08-01,8.04
2024-09-01,1.02
2024-10-01,-2.21
2024-11-01,-4.18
2024-12-01,-2.02
2025-01-01,-1.86
2025-02-01,-4.34
2025-03-01,-11.45
2025-04-01,-4.02
2025-05-01,-7.11
2025-06-01,-3.21
2025-07-01,-4.44
2025-08-01,-1.5
2025-09-01,1.74
2025-10-01,-5.2
2025-11-01,-3.7
2025-12-01,5.28
2026-01-01,1.47
2026-02-01,-3.82
