level,series,method,lead_months,n,correlation,rmse,mae,r2,slope,variance_ratio
signal,pmm_sst,M0 Persistence,1,129,0.8986399071940331,1.40844077843429,1.1359689922480622,0.7980162534971285,0.8950075371546292,0.9919321880676697
signal,pmm_sst,M0 Persistence,3,129,0.5627335307180736,2.9508411624300406,2.456279069767442,0.1422545968222998,0.5512613328166609,0.9596425022267946
signal,pmm_sst,M0 Persistence,6,129,0.19990929671135357,4.026597328578017,3.4397674418604653,-0.5467278661758774,0.1927183708887555,0.9293520236524625
signal,pmm_sst,M0 Persistence,9,129,0.10482940989133699,4.2549824875071165,3.4607751937984492,-0.740179676170162,0.10143872474000101,0.9363566072387259
signal,pmm_sst,M0 Persistence,12,129,0.1841436877945444,3.9800112967780152,3.3010852713178296,-0.6719396750253745,0.18672574636582054,1.0282405700187887
signal,pmm_sst,M1 Direct NN,1,129,0.7610883757095214,2.134140468802134,1.7916091171470065,0.5362485883646579,0.6172603332162524,0.6577586378977686
signal,pmm_sst,M1 Direct NN,3,129,0.51547840237894,2.9693682376239745,2.4878289974539993,0.13144994775579932,0.3650990668525038,0.5016496322586883
signal,pmm_sst,M1 Direct NN,6,129,0.3395292712480917,3.5670216128302203,2.927788314406915,-0.21380518780627566,0.22254303562915265,0.42960919987474516
signal,pmm_sst,M1 Direct NN,9,129,0.3603345067445832,3.630687334805956,3.0631983281404422,-0.26699890245704694,0.24985845886653663,0.48081322742368227
signal,pmm_sst,M1 Direct NN,12,129,0.41520459500480267,3.364522161305814,2.7400299277391764,-0.19480981248266183,0.28797577129085505,0.48104709683782093
signal,pmm_sst,M2 HHSA single ResNet,1,129,0.9071732911751516,2.112004859558855,1.7723163565004543,0.5458188888983959,0.9073987291369469,1.0004970736579806
signal,pmm_sst,M2 HHSA single ResNet,3,129,0.8683841764512911,2.3474433502879153,1.9231997331291786,0.457178583227001,0.8097198572030343,0.8694523332184209
signal,pmm_sst,M2 HHSA single ResNet,6,129,0.8190865270611788,2.1194516065921687,1.5782407326950716,0.5714667571295282,0.706853707289859,0.7447311429869945
signal,pmm_sst,M2 HHSA single ResNet,9,129,0.7876232709412451,2.2673124773286655,1.860733279756007,0.5058926727140678,0.5005138642270082,0.4038268073130872
signal,pmm_sst,M2 HHSA single ResNet,12,129,0.505184374116252,2.687077112698747,2.1629848626136767,0.2378994872971023,0.2130348446955532,0.1778285429237821
signal,pmm_sst,M4 Dual physical reconstruction,1,129,0.8476420011707649,1.9001694736670232,1.3690600910745188,0.6323590193854387,0.8786320608944013,1.0744572894543225
signal,pmm_sst,M4 Dual physical reconstruction,3,129,0.7871108549997688,2.0558124651835645,1.434258842362377,0.5836738183472362,0.7668788594030366,0.9492524525595158
signal,pmm_sst,M4 Dual physical reconstruction,6,129,0.8060446053460343,2.026508182273386,1.5831308883294573,0.6082272446653656,0.8138499024291801,1.019460680351162
signal,pmm_sst,M4 Dual physical reconstruction,9,129,0.7707922053950311,2.1641020052627056,1.7397366012503273,0.5498533804220225,0.740481207524054,0.9228974666778453
signal,pmm_sst,M4 Dual physical reconstruction,12,129,0.5278150511279082,2.889870415986817,2.2598296824662683,0.11852757201752195,0.4825070633676895,0.8356873147967079
signal,pmm_sst,M5 Dual fusion ResNet,1,129,-0.1477703172590366,7.143129273607483,6.36296300644502,-4.195367364203791,-0.04958538632782776,0.11259860007042785
signal,pmm_sst,M5 Dual fusion ResNet,3,129,0.6224290012743975,3.4122094209861022,2.845275879933469,-0.1469331059927521,0.22465191552519875,0.13026885992590995
signal,pmm_sst,M5 Dual fusion ResNet,6,129,-0.3117996763096705,5.099912102530132,4.417707902566013,-1.4812063840204552,-0.08985744192597725,0.08305327869307705
signal,pmm_sst,M5 Dual fusion ResNet,9,129,-0.14295664342841577,4.036303507152341,3.301248996813974,-0.5659077328285289,-0.037803853515034194,0.06992998873084885
signal,pmm_sst,M5 Dual fusion ResNet,12,129,-0.23789187917380594,6.741847402432347,5.829982336590568,-3.797443080834431,-0.10588756222009868,0.19812107053601333
AM-IMF,IMF1_AMIMF1,Strength component NN,1,129,0.870323620355481,0.11295755871513836,0.08722955694085673,0.7536695744450552,0.7038864717255695,0.6540993177815472
AM-IMF,IMF1_AMIMF1,Strength component NN,3,129,0.6570595463028874,0.1773706101926407,0.13587843128253901,0.4237087104823126,0.373475275935932,0.32308310994821926
AM-IMF,IMF1_AMIMF1,Strength component NN,6,129,0.0929527157256136,0.24184558409171442,0.18813964447453974,-0.08530767490780078,0.037098060414439284,0.15928623342568232
AM-IMF,IMF1_AMIMF1,Strength component NN,9,129,-0.045656399548939255,0.25227246469028913,0.20051626497418154,-0.1873376864384051,-0.017777876776608737,0.15161998976755392
AM-IMF,IMF1_AMIMF1,Strength component NN,12,129,-0.17174388943744082,0.2567614199501103,0.20689053421178152,-0.2295407195225152,-0.057899267504755894,0.11365369267799527
AM-IMF,IMF1_AMIMF2,Strength component NN,1,129,0.9859415507551509,0.026850920577783752,0.019328218985375047,0.9640021750174995,1.0565298437934523,1.1483154260390576
AM-IMF,IMF1_AMIMF2,Strength component NN,3,129,0.9266163193647852,0.05828378460318995,0.04460993357148679,0.8260397188797072,1.024619755691172,1.2227159042144344
AM-IMF,IMF1_AMIMF2,Strength component NN,6,129,0.8828970598375744,0.06548145645636237,0.0521311465893618,0.7480528527865538,0.8799359423667368,0.9933035185837263
AM-IMF,IMF1_AMIMF2,Strength component NN,9,129,0.7331249399538793,0.10155846371925277,0.08109659030208986,0.3684392575507688,0.8375801828603677,1.3052593082604367
AM-IMF,IMF1_AMIMF2,Strength component NN,12,129,0.5187806107036546,0.10621221032547859,0.08515343922002247,0.15896313837528409,0.43926945313237353,0.7169593530490507
AM-IMF,IMF1_AMIMF3,Strength component NN,1,129,0.9920866858340615,0.02571265489064794,0.01953399948021784,0.984116915211093,0.9747728045263219,0.9654006030721722
AM-IMF,IMF1_AMIMF3,Strength component NN,3,129,0.9749007494353306,0.04587345160000033,0.03554632487522724,0.9491893655861913,0.9182363576199276,0.8871318279755385
AM-IMF,IMF1_AMIMF3,Strength component NN,6,129,0.9303751198244447,0.07665896435209525,0.0598266972573012,0.8607287139237887,0.845323609872222,0.8255242248925323
AM-IMF,IMF1_AMIMF3,Strength component NN,9,129,0.9348216154466398,0.07457660814924445,0.05907010318690076,0.8702136298804073,0.8173725835408444,0.7645090683233813
AM-IMF,IMF1_AMIMF3,Strength component NN,12,129,0.9150748859688445,0.08761818214938051,0.07308883522842809,0.8194873476669836,0.7283893316288923,0.6335981196847457
AM-IMF,IMF1_AMIMF4,Strength component NN,1,129,0.9981459639614161,0.014941800374488735,0.013192118900732665,0.9929337112512369,0.9403791966828681,0.8876012719614704
AM-IMF,IMF1_AMIMF4,Strength component NN,3,129,0.9951143764363638,0.022346851457371385,0.019781670483944212,0.9843216669634801,0.9164211049693457,0.8480943375596693
AM-IMF,IMF1_AMIMF4,Strength component NN,6,129,0.9892645320045621,0.03305954915320479,0.02944050479170623,0.9666024750750172,0.8774939140319787,0.786798183901903
AM-IMF,IMF1_AMIMF4,Strength component NN,9,129,0.9847028470168236,0.04150079500079548,0.03569571628540597,0.9501264265672776,0.8508235220261549,0.746566655563039
AM-IMF,IMF1_AMIMF4,Strength component NN,12,129,0.9749635360515957,0.05219270112824638,0.04558501161519405,0.927576071002151,0.8217039030480208,0.7103198531697833
AM-IMF,IMF1_AMIMF5,Strength component NN,1,129,0.9978206681750096,0.006573852778074952,0.005370769391892725,0.989728228886762,0.9680633500797912,0.9412447486093193
AM-IMF,IMF1_AMIMF5,Strength component NN,3,129,0.9965789180666832,0.009966675931742476,0.008305624491160346,0.9784309216051408,0.915329401982055,0.8435900220899784
AM-IMF,IMF1_AMIMF5,Strength component NN,6,129,0.9933608765005707,0.012770579210180205,0.009996841188519833,0.969110876304083,0.8625277503211044,0.753931780702943
AM-IMF,IMF1_AMIMF5,Strength component NN,9,129,0.9808563228912416,0.028135932072785506,0.023119649850516857,0.8689334307632686,0.769399519762141,0.6153086632028146
AM-IMF,IMF1_AMIMF5,Strength component NN,12,129,0.9827443180314936,0.028477086413911442,0.021693020604138812,0.8820519245920462,0.7037561013925483,0.5128180030331407
AM-IMF,IMF2_AMIMF1,Strength component NN,1,129,0.8455769473705245,0.11467890511175934,0.08321623819256571,0.7126270293698846,0.6944314678307056,0.6744542815644169
AM-IMF,IMF2_AMIMF1,Strength component NN,3,129,0.7283973276651231,0.1486125766550867,0.1100603836510539,0.518909281723255,0.45450783237123915,0.38935526857638836
AM-IMF,IMF2_AMIMF1,Strength component NN,6,129,0.6510883250464571,0.152652734206987,0.11921432208804181,0.3857678052604929,0.5456794516023944,0.7024175991844551
AM-IMF,IMF2_AMIMF1,Strength component NN,9,129,0.4130870679903944,0.17944695042041223,0.14331877003530022,0.1536546163881256,0.22270040354526338,0.2906422918411048
AM-IMF,IMF2_AMIMF1,Strength component NN,12,129,0.28250980496943273,0.18669421731941782,0.14794011727935996,0.048870623196370255,0.1282833326584925,0.20619276247019835
AM-IMF,IMF2_AMIMF2,Strength component NN,1,129,0.9931762510673623,0.04698296076206893,0.035142668704339235,0.9807628281569176,0.9842518400683068,0.9821092886030546
AM-IMF,IMF2_AMIMF2,Strength component NN,3,129,0.9821943551645147,0.07068628455205024,0.05379356223969156,0.9528408583333676,0.9486774925082071,0.9329155377823487
AM-IMF,IMF2_AMIMF2,Strength component NN,6,129,0.952982267234661,0.10687346435544542,0.08378731020295893,0.8837629090828603,0.9310142490186424,0.9544276592092031
AM-IMF,IMF2_AMIMF2,Strength component NN,9,129,0.9276088857837201,0.12383459331249048,0.1046499412288052,0.8457679366365981,0.9125638433057246,0.9678247293958061
AM-IMF,IMF2_AMIMF2,Strength component NN,12,129,0.8911113482842568,0.14614902452341383,0.12188422090577082,0.7857033991880948,0.8611628585150845,0.933913455204381
AM-IMF,IMF2_AMIMF3,Strength component NN,1,129,0.9990133789381191,0.016571445011253412,0.013141349755514006,0.9963318120366624,0.9570665876345164,0.9177865749037643
AM-IMF,IMF2_AMIMF3,Strength component NN,3,129,0.99819555508576,0.021922627637177554,0.019088715429766485,0.9939095700818166,0.9480045584716025,0.9019647976500961
AM-IMF,IMF2_AMIMF3,Strength component NN,6,129,0.9965550113006261,0.0346023029038282,0.029524352533543154,0.9856926796013482,0.9086151786124345,0.8312993104492236
AM-IMF,IMF2_AMIMF3,Strength component NN,9,129,0.9916521008058367,0.05543089675410371,0.04583671966144523,0.964488715187074,0.8490771774728906,0.7331210044782979
AM-IMF,IMF2_AMIMF3,Strength component NN,12,129,0.9830785909260327,0.07198373158074443,0.06067223998695169,0.940729664327329,0.8138547902765372,0.6853578183654191
AM-IMF,IMF2_AMIMF4,Strength component NN,1,129,0.9993861251037692,0.008163723850408785,0.005567972650187186,0.9986354774068427,1.0050224729077222,1.01131142733957
AM-IMF,IMF2_AMIMF4,Strength component NN,3,129,0.9990742988290185,0.01023108257750704,0.00798401764045475,0.997804870836811,1.0124659252218007,1.0269877371879728
AM-IMF,IMF2_AMIMF4,Strength component NN,6,129,0.9986287503255422,0.012168190644126121,0.009365672871304994,0.9967915769489692,1.0179997004735357,1.0391713629699788
AM-IMF,IMF2_AMIMF4,Strength component NN,9,129,0.9967486778982382,0.017635398241303783,0.013617090252522992,0.9930794690768284,1.010146653268469,1.0270640359173806
AM-IMF,IMF2_AMIMF4,Strength component NN,12,129,0.9937880250653197,0.023705947227667286,0.017617816112486542,0.9872752610156098,0.9925581369295609,0.9975263797413848
AM-IMF,IMF2_AMIMF5,Strength component NN,1,129,0.9997678198041966,0.004425361733287489,0.0039889023279228745,0.9995098433940125,0.9952747547396472,0.9910319799961911
AM-IMF,IMF2_AMIMF5,Strength component NN,3,129,0.9997794054934782,0.004981512397882867,0.004139338324529,0.9994161814553002,0.9949872054733967,0.9904364605437138
AM-IMF,IMF2_AMIMF5,Strength component NN,6,129,0.9995592840346558,0.012507201237184597,0.009918680322097898,0.9966290998776413,0.9796414916317155,0.9605439196410254
AM-IMF,IMF2_AMIMF5,Strength component NN,9,129,0.9993774894961275,0.014328790163128205,0.011733526356962782,0.9959243914421156,0.9668742516429634,0.9360108088884055
AM-IMF,IMF2_AMIMF5,Strength component NN,12,129,0.9986934840963095,0.02057589229643007,0.0168439338860848,0.9922168692090544,0.9963741548311927,0.9953606664322374
AM-IMF,IMF3_AMIMF1,Strength component NN,1,129,0.9114930558681799,0.143714414602377,0.11476363192325592,0.8105986870097157,0.8885455445550507,0.9502823397523184
AM-IMF,IMF3_AMIMF1,Strength component NN,3,129,0.8284059378554717,0.197538651634982,0.16166979742377466,0.6429270429081124,0.8391692001245996,1.0261542895908238
AM-IMF,IMF3_AMIMF1,Strength component NN,6,129,0.7301181840402428,0.2580489776480476,0.20622025426293505,0.3877530384145136,0.8113209758707061,1.234806988743759
AM-IMF,IMF3_AMIMF1,Strength component NN,9,129,0.6872804511181356,0.2717001355867039,0.21357328991121494,0.3192596068588094,0.7411121113711815,1.1627861201718996
AM-IMF,IMF3_AMIMF1,Strength component NN,12,129,0.6575784967954347,0.27232674239115007,0.21446845800055908,0.3212555351622922,0.6449753886981242,0.9620354589764913
AM-IMF,IMF3_AMIMF2,Strength component NN,1,129,0.9953089387232409,0.05591015519412374,0.043126966512895534,0.984819405795424,0.9242120925513451,0.8622386461952707
AM-IMF,IMF3_AMIMF2,Strength component NN,3,129,0.9920442073211906,0.06862444890819122,0.0546441378686421,0.9770402793452215,0.9086207775277014,0.8388866366542616
AM-IMF,IMF3_AMIMF2,Strength component NN,6,129,0.9780210966863307,0.1143544751559232,0.09321032411714769,0.9365737051052173,0.8199353842620675,0.7028502628928522
AM-IMF,IMF3_AMIMF2,Strength component NN,9,129,0.954032630815396,0.15021721261893933,0.12366714546573487,0.8924158795245505,0.7905460621382836,0.6866381052748853
AM-IMF,IMF3_AMIMF2,Strength component NN,12,129,0.9174018885957672,0.19245975977729737,0.15833373701092326,0.8289061536463829,0.7389908114052973,0.6488716760368075
AM-IMF,IMF3_AMIMF3,Strength component NN,1,129,0.9994966300631033,0.008385177178252465,0.006330667843546394,0.9989760935497819,1.0003649975733686,1.0017383645028566
AM-IMF,IMF3_AMIMF3,Strength component NN,3,129,0.9986172219051114,0.014383412211172087,0.009792117089697556,0.9969936455247769,0.9833814316275363,0.9697189982721343
AM-IMF,IMF3_AMIMF3,Strength component NN,6,129,0.9949000323050948,0.027732996085433,0.016082302440040167,0.9889878630464749,0.9738720708686117,0.9581752138699263
AM-IMF,IMF3_AMIMF3,Strength component NN,9,129,0.988158186098765,0.043645930546396025,0.025186992279545396,0.9738125934416981,0.946246346115036,0.9169707561448813
AM-IMF,IMF3_AMIMF3,Strength component NN,12,129,0.976914494703517,0.06659202300564258,0.039106732912949436,0.943751893446675,0.8807695171136787,0.8128519358559185
AM-IMF,IMF3_AMIMF4,Strength component NN,1,129,0.9959060061132209,0.018980059545505124,0.01649485543922662,0.9837446329278342,0.9023413567698731,0.8209279124503963
AM-IMF,IMF3_AMIMF4,Strength component NN,3,129,0.9958997126655904,0.021233054482141387,0.018859446574032285,0.9788812225078022,0.8788174896186994,0.7786928169884694
AM-IMF,IMF3_AMIMF4,Strength component NN,6,129,0.9900058345068246,0.03208624222258499,0.02788436098434265,0.9489160314598659,0.8060988361008306,0.6629809963979096
AM-IMF,IMF3_AMIMF4,Strength component NN,9,129,0.9857491897359169,0.040003690356066594,0.03425527114767581,0.9157577243008894,0.7399189573622468,0.5634241412071997
AM-IMF,IMF3_AMIMF4,Strength component NN,12,129,0.9790593306388631,0.045234206615574146,0.0374330262629362,0.8855759042538682,0.704069205275822,0.5171454137809093
AM-IMF,IMF3_AMIMF5,Strength component NN,1,129,0.9999689738401533,0.027748882443790403,0.02495154917993711,0.8734214413574134,0.8444690310473246,0.7131721977006994
AM-IMF,IMF3_AMIMF5,Strength component NN,3,129,0.9999866242779604,0.04064542726188555,0.03791781093176952,0.7371025497031131,0.8153839157886561,0.664868716206174
AM-IMF,IMF3_AMIMF5,Strength component NN,6,129,0.9999993881311148,0.03375466570053386,0.030262156537677765,0.827272385595218,0.8158983459701258,0.6656909255876663
AM-IMF,IMF3_AMIMF5,Strength component NN,9,129,0.999977818143773,0.053517958841655444,0.04980858870005489,0.5862512641698916,0.7647535615963037,0.5848739568664971
AM-IMF,IMF3_AMIMF5,Strength component NN,12,129,0.9998747375071282,0.049770348327769436,0.046112282913042854,0.6589339163037651,0.7805898576467627,0.6094732045638218
AM-IMF,IMF4_AMIMF1,Strength component NN,1,129,0.9942357373924041,0.028371952038805097,0.02232628818448484,0.9844455096449061,0.9595692701502233,0.9314808344479861
AM-IMF,IMF4_AMIMF1,Strength component NN,3,129,0.9871592881613986,0.042883294539960544,0.032432553602140875,0.9655937112283971,0.8973745456668027,0.8263671043146132
AM-IMF,IMF4_AMIMF1,Strength component NN,6,129,0.9575765265366217,0.0779090266236836,0.061106155468427126,0.8986780645653303,0.8064889197505187,0.709332448430984
AM-IMF,IMF4_AMIMF1,Strength component NN,9,129,0.938740339429617,0.10081921952606349,0.0764811723555913,0.8590930888048978,0.7659049185767298,0.6656696486347474
AM-IMF,IMF4_AMIMF1,Strength component NN,12,129,0.9271459629960531,0.11978351857971166,0.0904023112060051,0.8383144963529148,0.7453062395950331,0.6462094294407319
AM-IMF,IMF4_AMIMF2,Strength component NN,1,129,0.9991744952405908,0.01615140200857752,0.01434095161218746,0.9948125882718994,0.9405660563018496,0.8861269063661414
AM-IMF,IMF4_AMIMF2,Strength component NN,3,129,0.9922478437357031,0.03964757699622238,0.03284019163665514,0.9681694269397748,0.8889246789591195,0.8025823403680352
AM-IMF,IMF4_AMIMF2,Strength component NN,6,129,0.9902504293890495,0.051969678746590704,0.04500774807712255,0.9463795016708934,0.8252751661302812,0.6945563313776638
AM-IMF,IMF4_AMIMF2,Strength component NN,9,129,0.9824242023444856,0.07115402259226998,0.0612956449739738,0.9088116814194227,0.7454080218596014,0.5756917668921866
AM-IMF,IMF4_AMIMF2,Strength component NN,12,129,0.9806380384524621,0.10035546211699395,0.08401939233470632,0.8489323606774163,0.6428993335466461,0.4298020479462261
AM-IMF,IMF4_AMIMF3,Strength component NN,1,129,0.9987151202020115,0.01623320951839192,0.013506939208846045,0.9943086916244899,1.0085637158262808,1.0198197769022925
AM-IMF,IMF4_AMIMF3,Strength component NN,3,129,0.9971822907059608,0.022505425857507113,0.01800725167327606,0.9896629508378734,1.018848519491664,1.043926982951358
AM-IMF,IMF4_AMIMF3,Strength component NN,6,129,0.9966973207043364,0.03178225465420415,0.02754551832422306,0.9809142028905954,0.9711853438215035,0.9494621536078236
AM-IMF,IMF4_AMIMF3,Strength component NN,9,129,0.993726796102089,0.041691976758325464,0.03407725431061746,0.9692999726888565,1.00211326134433,1.0169500383275232
AM-IMF,IMF4_AMIMF3,Strength component NN,12,129,0.9926600565036697,0.043541530852940304,0.03601852977726637,0.968397951722735,0.9940605182779025,1.0028236245888085
AM-IMF,IMF4_AMIMF4,Strength component NN,1,129,0.9999425790549439,0.017962398869354242,0.012922561886781569,0.9961424071951651,0.9508217303847356,0.9041657960996383
AM-IMF,IMF4_AMIMF4,Strength component NN,3,129,0.9998890507834786,0.03103590455139477,0.024055940637444137,0.988718294505574,0.9343484576988627,0.8732007915427544
AM-IMF,IMF4_AMIMF4,Strength component NN,6,129,0.99999080854878,0.02720522539025804,0.022085519707083362,0.991588773489451,0.9449631408579099,0.892971752917221
AM-IMF,IMF4_AMIMF4,Strength component NN,9,129,0.9999082037115589,0.0473888396365006,0.03587292734942201,0.975214998527324,0.8887653884345017,0.7900489561454574
AM-IMF,IMF4_AMIMF4,Strength component NN,12,129,0.99994320577154,0.05003647822369752,0.038777508842180806,0.9731432944621665,0.8944492884863303,0.8001304126717254
AM-IMF,IMF4_AMIMF5,Strength component NN,1,129,0.9993264490449627,0.003922046168914745,0.003251668095934327,0.9748770968099396,0.8825453911002676,0.7799366676925503
AM-IMF,IMF4_AMIMF5,Strength component NN,3,129,0.9992458569100396,0.004301724389127513,0.0036204744244326794,0.9713027799517284,0.9054820307763034,0.821135748754453
AM-IMF,IMF4_AMIMF5,Strength component NN,6,129,0.9994101581979905,0.0051791961505848584,0.004290714485012241,0.9614487838287669,0.8868657629433221,0.7874595606458683
AM-IMF,IMF4_AMIMF5,Strength component NN,9,129,0.9994021511486201,0.006027019715107395,0.004859944427232985,0.9515302551442646,0.8515723902834204,0.7260434048194747
AM-IMF,IMF4_AMIMF5,Strength component NN,12,129,0.9994860389003706,0.007757612737152518,0.006227637861784985,0.9253161081350131,0.8284141727691606,0.6869760180753043
AM-IMF,IMF5_AMIMF1,Strength component NN,1,129,0.9998315744795082,0.020115834131598172,0.017187950897962774,0.9973285668838247,0.9800643597091799,0.9608497851659494
AM-IMF,IMF5_AMIMF1,Strength component NN,3,129,0.9994406741604946,0.026564328708022947,0.02098738588160894,0.9952133885715836,0.9643079678258325,0.9309309530485972
AM-IMF,IMF5_AMIMF1,Strength component NN,6,129,0.9989143628751276,0.04045496758332741,0.0287516783239943,0.9888216486564809,0.9155456608320195,0.8400468390526563
AM-IMF,IMF5_AMIMF1,Strength component NN,9,129,0.9993183952368011,0.056467032867193824,0.04196130824733454,0.9791423319598072,0.8733747024234896,0.7638242684912816
AM-IMF,IMF5_AMIMF1,Strength component NN,12,129,0.9982837728496398,0.08161177547470942,0.06357811799175501,0.9604707741400493,0.8200407950854212,0.6747810732771276
AM-IMF,IMF5_AMIMF2,Strength component NN,1,129,0.9999310671563247,0.005364473655537377,0.004247119255886193,0.9994423919427328,0.9913554213435567,0.9829210778466876
AM-IMF,IMF5_AMIMF2,Strength component NN,3,129,0.9998960466043462,0.007337022727495322,0.0052494230382704255,0.9989864063525977,0.9817500297662889,0.9640335396484067
AM-IMF,IMF5_AMIMF2,Strength component NN,6,129,0.9998673901404356,0.011312360177787454,0.008085912869573221,0.9976921599694999,0.9699704057903935,0.9410921677601285
AM-IMF,IMF5_AMIMF2,Strength component NN,9,129,0.9995363600760407,0.015783923719508052,0.0110001145449711,0.9956987036036583,0.9604863434447134,0.9233900584430028
AM-IMF,IMF5_AMIMF2,Strength component NN,12,129,0.9991657552531289,0.02194125025729106,0.01533727570031328,0.9920492054184392,0.9437408595616265,0.8921347064970058
AM-IMF,IMF5_AMIMF3,Strength component NN,1,129,0.9054795716883222,0.003619935181850103,0.0031129690296454156,0.7010974922077697,1.1314939952326428,1.5615187145867204
AM-IMF,IMF5_AMIMF3,Strength component NN,3,129,0.883851313581485,0.003970839638927375,0.003419330811123811,0.6617344968665453,1.0860487708036948,1.509872354665096
AM-IMF,IMF5_AMIMF3,Strength component NN,6,129,0.8066125446171577,0.01111804196405801,0.009870108891884073,-1.3123140839438143,0.9530531807282936,1.3960607793593691
AM-IMF,IMF5_AMIMF3,Strength component NN,9,129,0.6969865920289651,0.006979717407579063,0.006008107525028849,0.24125186664583165,0.8248367529052703,1.4005130519959748
AM-IMF,IMF5_AMIMF3,Strength component NN,12,129,0.6328136930723882,0.008831222624957552,0.007332845010641049,0.021285520459558782,0.6811864546828197,1.1587247165036212
AM-IMF,IMF5_AMIMF4,Strength component NN,1,129,0.9999999004813207,0.0014182110181965974,0.0014178982393352648,0.9986390868755004,1.0006331891625941,1.0012669785432269
AM-IMF,IMF5_AMIMF4,Strength component NN,3,129,0.9999999661613712,0.002142698575175584,0.0020247010053398035,0.996908070076016,1.018196037908191,1.0367232417745202
AM-IMF,IMF5_AMIMF4,Strength component NN,6,129,0.9999999629075953,0.006562186262492893,0.006455424961908956,0.971201693313451,0.9695146484829932,0.9399587233537562
AM-IMF,IMF5_AMIMF4,Strength component NN,9,129,0.9999958074157737,0.001603723431485816,0.0015997628708825998,0.9982918738462951,0.9997885906317052,0.9995856076334603
AM-IMF,IMF5_AMIMF4,Strength component NN,12,129,0.9999992909198885,0.004231117443825712,0.004202170407124856,0.9881916063494827,1.0126319625981015,1.0254249458916347
AM-IMF,IMF6_AMIMF1,Strength component NN,1,129,0.9931237815282375,0.08249829402903008,0.057821628864974474,0.9834224519317686,0.9662584112089443,0.9466290141853142
AM-IMF,IMF6_AMIMF1,Strength component NN,3,129,0.9932166683240582,0.16502113367611157,0.12786178800830955,0.9314865213263669,1.1999078455001897,1.4595123935917937
AM-IMF,IMF6_AMIMF1,Strength component NN,6,129,0.9696843345232777,0.16112295413668776,0.12146084566728581,0.9308654401516783,0.9857772261915915,1.0334674491324853
AM-IMF,IMF6_AMIMF1,Strength component NN,9,129,0.9575703728307643,0.17392157928747556,0.1193759107182839,0.9140506413292234,0.9463955004213043,0.9767961349023906
AM-IMF,IMF6_AMIMF1,Strength component NN,12,129,0.9358675413914811,0.20496563566859757,0.1539721104885217,0.8720827306519245,0.8227563090293302,0.772882853549611
AM-IMF,IMF6_AMIMF2,Strength component NN,1,129,0.9999176794159154,0.01692078060896493,0.011013069518539757,0.9810750723034367,0.8840182885908053,0.7816170156047589
AM-IMF,IMF6_AMIMF2,Strength component NN,3,129,0.9999717817218834,0.021699636206467234,0.016410414221938577,0.9714450443347047,0.8896406881682039,0.7915052232431837
AM-IMF,IMF6_AMIMF2,Strength component NN,6,129,0.9999011665033395,0.026728945061884266,0.019263740124096543,0.961762784895264,0.8649882484100437,0.7483525871833756
AM-IMF,IMF6_AMIMF2,Strength component NN,9,129,0.9995116426028803,0.032960219675952925,0.031455150637283116,0.948436108212569,0.9388437020524488,0.882289031213416
AM-IMF,IMF6_AMIMF2,Strength component NN,12,129,0.9997474693760308,0.037874562748575855,0.03280490578862221,0.9393477842595325,0.8785074927177061,0.7721653563173154
AM-IMF,IMF6_AMIMF3,Strength component NN,1,129,0.9984006300006713,0.03637949304137857,0.03473250356028409,-0.580162090342764,0.6277454569624726,0.39532789865644263
AM-IMF,IMF6_AMIMF3,Strength component NN,3,129,0.9990842025473188,0.027563850415470367,0.02564158663298675,0.1286059860831379,0.6586704828769688,0.43464252952796095
AM-IMF,IMF6_AMIMF3,Strength component NN,6,129,0.9982054922360329,0.04045091708672184,0.038329102106720504,-0.7690122955126675,0.5763005222480039,0.3333175002590987
AM-IMF,IMF6_AMIMF3,Strength component NN,9,129,0.9966523668775348,0.060094164955434036,0.058531512881747204,-2.6853129621792218,0.5675630250761652,0.32429539719562767
AM-IMF,IMF6_AMIMF3,Strength component NN,12,129,0.9972222715425998,0.05131279768263005,0.04861049505557129,-1.5395955024176442,0.4909824216461062,0.2424085582968864
